scenario,median_cycle_days,otd_rate
as_is,10.276186342592592,0.9164
to_be,8.127892361111112,0.9631
